,,,,,,,,,,,,,,,,,,,,,,,,,,,,,,,,Plus,Plus,Plus,Plus,calculated,plus,calculated,Plus,calculated,plus,Plus,Calculated,Plus,Plus,,,,,,,,,,,,,,,,,,,,,,,,,,,,,,,,,
Timestamp,Are you a competitive gamer?,Do you love video games?,Do you play video games?,How many hours per week do you play video games in general? ,Do you mostly play games with friends?  ,Which platform do you use to play video games? ,Which type of games do you mostly play? ,"If you had to choose one of these three types of games and could only play that type for the rest of your life, which would you pick? ",Does video games make you feel relieved and at peace?,Does losing in games makes you anxious?,Do you think you are good at playing your preferred game? How confident are you?,Does the game you enjoy the most contain graphic violence? ,How often do you feel intense rage while playing video games?,How often do you feel frustrated and stressed while playing video games?,How often do you find yourself playing video games even when you didn’t plan to and still have a lot of work due? ,Do you think video games affect your real life?,Do you ever feel like playing video games is a waste of time?,Do you think you are forgetful?,Do you face trouble in academics that requires memorization?,Do you often forget to do your basic tasks?,Do you rely on to-do list type software/websites for your daily tasks?,How often do miss your deadlines?,Do you ever forget about the food you ate yesterday?,How often do you rely on AI (Artificial Intelligence)? ,"Look at those words very carefully

PORT, chair, CAT, CUTE, dog, elephant, bicycle, car

Did you read it?",How many words were there in the last question?,Which words among these were written in all capital letters?,Which words among these were written in all small letters?,How many vehicle were there in that last list?,How many animals were there in the last list?,How stressful would you say your everyday life is?,"In the last month, how often have you been upset because of something that happened unexpectedly?","In the last month, how often have you felt that you were unable to control the important things in your life?","In the last month, how often have you felt nervous and stressed?",MINUS-1,"In the last month, how often have you felt confident about your ability to handle your personal problems?",Minus-2,"In the last month, how often have you felt that things were going your way?","In the last month, how often have you found that you could not cope with all the things that you had to do?",minus-3,"In the last month, how often have you been able to control irritations in your life?",minus 4,"In the last month, how often have you felt that you were on top of things?","In the last month, how often have you been angered because of things that happened that were outside of your control?","In the last month, how often have you felt difficulties were piling up so high that you could not overcome them?",Do you sometimes suffer from insomnia?,How often do you feel tired and dizziness?,Do you often feel headaches and pain when you are stressed? ,Are you mostly positive or you often jump to a negative conclusion? ,Which one of these would you say you are? ,Do you face trouble interacting with people in general?,Are you afraid of confrontation? Imagine you need to consult a faculty for some problems you faced in your course. Would you immediately seek help from your faculty?,Do you avoid social interaction? If so why do you withdraw from social engagement?,How often do you argue with your family?,How often do you argue with your friends?,Do you often lose your temper?,Do you like wondering around fantasy world?,How often do you live in your fantasy world?,Do your ever feel like fantasy world is better than reality?,"Do you think you have OCD (obsessive compulsive disorder)? Do you repeat your task, count a specific number while doing so, follow a strict schedule and strive for cleanliness in an unhealthy manner? ",Does other find your actions following your OCD annoying?,Do you face trouble being attentive in class?,How often do you face problem concentrating? ,Do you think you have ADHD (Attention deficit hyperactivity disorder)?,How often do you feel irritated? ,Do you get aggressive very easily?,Do you think you have anger management issues?,How confident are you in your academics? ,How many hours do you spend studying per week?,In which range does your CGPA fall under?,Do you often face trouble with your academics?,How often do you seek help from others in academics?,Do you feel hopeless when it comes to your academics?,In which situation do you find yourself the most when you can't achieve your desired result?,Are you content with your current rank?,Are you happy with your life?,PSS SCALE,"PSS Scale
Stress Value"
12/22/2025 14:52:01,No,"I don’t play video games, but I love watching others play.",No,0 hours,I don't play video games,I don't play video games,"Strategic / Thinking-based games (e.g., strategy, puzzle, simulation, planning-focused games)","Relaxed / Casual games (e.g., casual, story-based, creative, or low-pressure games) - Stardew Valley",I don't play video games,Sometimes,3,No,1,1,4,Yes,Yes,Yes,No,No,1,1,No,5,Yes,8,CAT,table,2,3,3,3,3,3,4,2,4,2,1,2,4,4,2,3,1,Yes,3,Yes,I am mostly positive,Introvert,Yes,"I would try to find a friend or someone else who can help me. If no one can solve my problem, then I will go to my faculty","Sometimes, depends on my mood",2,1,No,Yes,1,Yes,Yes,No,No,3,No,3,No,Yes,3,5-8 hours,3.7-4.0,4,5,Sometimes,I don't understand what happened. I tried my best and did everything. I feel hopeless.,"No, I need to do better",Yes,20,Moderate Stress
12/23/2025 20:15:40,No,Absolutely,Yes,9-12 hours,Yes,PC,"Strategic / Thinking-based games (e.g., strategy, puzzle, simulation, planning-focused games), Action / Combat-focused games (e.g., shooter, fighting, fast-paced action games), Relaxed / Casual games (e.g., casual, story-based, creative, or low-pressure games)","Action / Combat-focused games (e.g., shooter, fighting, fast-paced action games) - CS 2, Valorant,  Dark Souls",No,No,5,Yes,2,2,2,Yes,No,No,No,No,4,1,Yes,5,No,9,CAT,cat,1,0,1,3,3,4,1,5,3,3,2,1,5,1,5,1,2,No,2,No,I am mostly positive,Ambivert,Yes,Yes,I only interact only when a need arise,3,2,No,No,1,No,No,No,Yes,4,Yes,2,No,No,5,21-24 hours,3.7-4.0,1,4,No,I didn't try hard enough. I could've achieve it if I tried more,"Yes, I am happy with my academics. No regrets.",Yes,15,Moderate Stress
12/24/2025 15:49:46,No,Absolutely,Yes,9-12 hours,Sometimes,"PC, Mobile (phone or tablet)","Strategic / Thinking-based games (e.g., strategy, puzzle, simulation, planning-focused games), Action / Combat-focused games (e.g., shooter, fighting, fast-paced action games), Relaxed / Casual games (e.g., casual, story-based, creative, or low-pressure games)","Action / Combat-focused games (e.g., shooter, fighting, fast-paced action games) - CS 2, Valorant,  Dark Souls",Yes,Sometimes,5,Yes,4,4,4,Yes,Yes,Yes,No,No,1,3,No,3,Yes,8,"CAR, CAT",chair,2,3,3,2,2,4,1,5,2,4,1,2,4,3,3,4,2,Yes,2,No,I am mostly positive,Ambivert,No,"I would try to find a friend or someone else who can help me. If no one can solve my problem, then I will go to my faculty","Sometimes, depends on my mood",3,2,No,Yes,4,Yes,No,No,Yes,4,No,1,No,No,4,1-4 hours,3.3-3.7,2,3,No,I didn't try hard enough. I could've achieve it if I tried more,"No, I need to do better",Yes,15,Moderate Stress
12/25/2025 8:10:59,No,Absolutely,Yes,9-12 hours,Yes,PC,"Action / Combat-focused games (e.g., shooter, fighting, fast-paced action games), Relaxed / Casual games (e.g., casual, story-based, creative, or low-pressure games)","Relaxed / Casual games (e.g., casual, story-based, creative, or low-pressure games) - Stardew Valley",Yes,Sometimes,4,Sometimes,3,3,2,Yes,Yes,No,No,No,1,1,No,4,Yes,6,CAT,"car, chair",1,1,3,3,1,4,2,4,2,4,2,2,4,3,3,2,2,No,1,Yes,I keep myself prepared by considering negative alternatives,Introvert,No,Yes,"Sometimes, depends on my mood",1,1,No,No,1,No,No,No,No,1,No,1,No,No,4,1-4 hours,3.3-3.7,2,1,Sometimes,"Failure is the pillar of success. Next time, I will surely make it","Yes, I am happy with my academics. No regrets.",Yes,15,Moderate Stress
12/22/2025 15:17:39,No,Absolutely,Yes,9-12 hours,"No, I mostly play alone","PC, Mobile (phone or tablet)","Strategic / Thinking-based games (e.g., strategy, puzzle, simulation, planning-focused games), Action / Combat-focused games (e.g., shooter, fighting, fast-paced action games), Relaxed / Casual games (e.g., casual, story-based, creative, or low-pressure games)","Relaxed / Casual games (e.g., casual, story-based, creative, or low-pressure games) - Stardew Valley",Sometimes,Sometimes,3,Sometimes,2,3,4,No,No,Yes,No,No,2,1,Yes,4,Yes,7,CAT,car,2,2,4,3,3,4,2,4,1,5,3,3,3,2,4,2,3,No,2,No,I am mostly positive,Ambivert,No,"I would try to find a friend or someone else who can help me. If no one can solve my problem, then I will go to my faculty",I am awkward and I don't know how to engage with people,1,1,No,Yes,4,Yes,No,No,No,4,Yes,3,No,No,4,5-8 hours,3.7-4.0,3,2,No,I didn't try hard enough. I could've achieve it if I tried more,"Yes, I am happy with my academics. No regrets.",Yes,16,Moderate Stress
12/25/2025 0:36:01,No,Absolutely,Yes,1-4 hours,"No, I mostly play alone",PC,"Strategic / Thinking-based games (e.g., strategy, puzzle, simulation, planning-focused games), Action / Combat-focused games (e.g., shooter, fighting, fast-paced action games), Relaxed / Casual games (e.g., casual, story-based, creative, or low-pressure games)","Action / Combat-focused games (e.g., shooter, fighting, fast-paced action games) - CS 2, Valorant,  Dark Souls",Yes,Sometimes,4,Sometimes,2,2,4,Yes,No,No,Yes,No,3,1,Yes,5,Yes,7,CAT,table,1,3,2,3,2,4,2,4,2,4,3,3,3,2,4,2,3,Yes,3,Yes,I keep myself prepared by considering negative alternatives,Ambivert,Yes,"I would try to find a friend or someone else who can help me. If no one can solve my problem, then I will go to my faculty",I genuinely want to be left alone. I like it this way,3,1,No,No,2,Yes,Yes,No,Yes,2,No,2,No,No,2,1-4 hours,2.7-3.0,5,5,Yes,I am just not good at it,"Yes, I am happy with my academics. No regrets.",Yes,16,Moderate Stress
12/24/2025 14:16:49,Yes,Absolutely,Yes,9-12 hours,Yes,"PC, Mobile (phone or tablet)","Strategic / Thinking-based games (e.g., strategy, puzzle, simulation, planning-focused games), Action / Combat-focused games (e.g., shooter, fighting, fast-paced action games)","Action / Combat-focused games (e.g., shooter, fighting, fast-paced action games) - CS 2, Valorant,  Dark Souls",Sometimes,Sometimes,4,Yes,4,4,4,Yes,No,No,No,No,1,2,No,3,Yes,7,CAT,car,1,2,3,3,3,3,3,3,3,3,2,3,3,2,4,3,2,Yes,3,No,I keep myself prepared by considering negative alternatives,Introvert,No,"I would try to find a friend or someone else who can help me. If no one can solve my problem, then I will go to my faculty","Sometimes, depends on my mood",3,4,Yes,Yes,4,Yes,Yes,No,Yes,3,Yes,3,No,No,3,1-4 hours,3.3-3.7,2,1,Sometimes,I didn't try hard enough. I could've achieve it if I tried more,"No, I need to do better",I am not sure,17,Moderate Stress
12/24/2025 15:10:55,Yes,Absolutely,Yes,5-8 hours,Yes,"PC, Mobile (phone or tablet)","Strategic / Thinking-based games (e.g., strategy, puzzle, simulation, planning-focused games), Action / Combat-focused games (e.g., shooter, fighting, fast-paced action games), Relaxed / Casual games (e.g., casual, story-based, creative, or low-pressure games)","Action / Combat-focused games (e.g., shooter, fighting, fast-paced action games) - CS 2, Valorant,  Dark Souls",Yes,Sometimes,4,Sometimes,2,2,2,Yes,Yes,Yes,Yes,Yes,2,1,No,2,Yes,8,CAT,"car, table, chair",2,3,4,2,4,3,2,4,2,4,4,1,5,2,4,1,2,Yes,3,Yes,I keep myself prepared by considering negative alternatives,Ambivert,Yes,"I would try to find a friend or someone else who can help me. If no one can solve my problem, then I will go to my faculty","Sometimes, depends on my mood",1,1,No,Yes,4,Yes,No,No,Yes,5,Yes,2,No,No,3,13-16 hours,3.3-3.7,4,4,Yes,I didn't try hard enough. I could've achieve it if I tried more,"No, I need to do better",Yes,17,Moderate Stress
12/25/2025 10:45:04,Yes,Absolutely,Yes,5-8 hours,"No, I mostly play alone","PC, Mobile (phone or tablet)","Action / Combat-focused games (e.g., shooter, fighting, fast-paced action games), Relaxed / Casual games (e.g., casual, story-based, creative, or low-pressure games)","Relaxed / Casual games (e.g., casual, story-based, creative, or low-pressure games) - Stardew Valley",Yes,Sometimes,3,No,2,2,1,Yes,No,No,No,No,1,1,No,1,Yes,8,CAT,chair,3,3,4,4,4,4,2,4,1,5,2,2,4,2,4,2,2,No,3,Yes,I keep myself prepared by considering negative alternatives,Introvert,Yes,"I would try to find a friend or someone else who can help me. If no one can solve my problem, then I will go to my faculty",I want to but I feel burnt out from too much interaction,2,1,No,No,1,No,No,No,No,2,No,4,No,No,4,13-16 hours,3.3-3.7,2,4,No,I didn't try hard enough. I could've achieve it if I tried more,"Yes, I am happy with my academics. No regrets.",Yes,17,Moderate Stress
12/22/2025 3:12:32,No,Absolutely,Yes,More than 24 hours,,"Console (e.g., PlayStation, Xbox, Nintendo), PC","Action / Combat-focused games (e.g., shooter, fighting, fast-paced action games), Relaxed / Casual games (e.g., casual, story-based, creative, or low-pressure games)","Relaxed / Casual games (e.g., casual, story-based, creative, or low-pressure games) - Stardew Valley",Yes,No,5,Yes,3,1,4,No,No,No,No,No,1,1,No,3,Yes,8,CAT,"car, chair",2,1,2,3,3,3,3,3,4,2,3,3,3,3,3,2,1,No,1,No,I keep myself prepared by considering negative alternatives,Ambivert,No,"I would try to find a friend or someone else who can help me. If no one can solve my problem, then I will go to my faculty","Sometimes, depends on my mood",3,2,No,No,1,Yes,Yes,No,No,2,Yes,3,No,No,3,5-8 hours,3.0-3.3,3,2,Yes,I don't understand what happened. I tried my best and did everything. I feel hopeless.,"No, I need to do better",I am not sure,18,Moderate Stress
12/22/2025 17:54:55,No,Absolutely,Yes,5-8 hours,Yes,"PC, Mobile (phone or tablet)","Strategic / Thinking-based games (e.g., strategy, puzzle, simulation, planning-focused games), Action / Combat-focused games (e.g., shooter, fighting, fast-paced action games)","Action / Combat-focused games (e.g., shooter, fighting, fast-paced action games) - CS 2, Valorant,  Dark Souls",Sometimes,Sometimes,4,Sometimes,1,2,1,No,Yes,Yes,Yes,Yes,1,2,No,1,Yes,8,CAT,"car, chair",2,2,1,3,3,3,3,3,2,4,2,3,3,2,4,4,3,Yes,5,Yes,I am mostly positive,Ambivert,No,"I would try to find a friend or someone else who can help me. If no one can solve my problem, then I will go to my faculty","Sometimes, depends on my mood",2,1,Yes,Yes,4,No,No,No,Yes,4,Yes,4,No,Yes,4,1-4 hours,3.0-3.3,2,1,Sometimes,I didn't try hard enough. I could've achieve it if I tried more,"No, I need to do better",Yes,18,Moderate Stress
12/24/2025 8:14:24,No,Absolutely,Yes,1-4 hours,Yes,"PC, Mobile (phone or tablet)","Action / Combat-focused games (e.g., shooter, fighting, fast-paced action games), Relaxed / Casual games (e.g., casual, story-based, creative, or low-pressure games)","Action / Combat-focused games (e.g., shooter, fighting, fast-paced action games) - CS 2, Valorant,  Dark Souls",Yes,Sometimes,3,Sometimes,2,2,1,No,Yes,Yes,No,No,1,1,No,3,Yes,8,CAT,"car, chair",1,1,1,4,4,3,2,4,3,3,2,2,4,3,3,3,2,No,2,Yes,I am mostly positive,Ambivert,Yes,"I would try to find a friend or someone else who can help me. If no one can solve my problem, then I will go to my faculty","Sometimes, depends on my mood",2,1,No,No,1,No,No,No,No,2,Yes,3,No,No,5,5-8 hours,3.3-3.7,2,1,Sometimes,"Failure is the pillar of success. Next time, I will surely make it","No, I need to do better",Yes,20,Moderate Stress
12/24/2025 19:12:02,Yes,Absolutely,Yes,21-24 hours,Yes,PC,"Action / Combat-focused games (e.g., shooter, fighting, fast-paced action games)","Action / Combat-focused games (e.g., shooter, fighting, fast-paced action games) - CS 2, Valorant,  Dark Souls",Yes,Sometimes,4,Sometimes,2,3,3,No,No,No,Yes,No,1,1,No,3,Yes,7,"CAR, CAT","table, chair",1,2,4,3,4,3,3,3,3,3,2,2,4,3,3,3,2,Yes,4,No,I am mostly positive,Ambivert,No,Yes,"No, I love interacting with people",2,2,No,Yes,4,Yes,Yes,No,No,3,No,4,No,Yes,5,17-20 hours,3.7-4.0,1,2,No,"Failure is the pillar of success. Next time, I will surely make it","Yes, I am happy with my academics. No regrets.",Yes,20,Moderate Stress
12/24/2025 23:29:14,Yes,Absolutely,Yes,1-4 hours,"No, I mostly play alone",PC,"Action / Combat-focused games (e.g., shooter, fighting, fast-paced action games)","Action / Combat-focused games (e.g., shooter, fighting, fast-paced action games) - CS 2, Valorant,  Dark Souls",Yes,Sometimes,3,Sometimes,4,3,3,No,No,Yes,Yes,Yes,3,3,Yes,4,Yes,8,CAT,"car, chair",2,3,3,3,3,3,3,3,3,3,3,3,3,3,3,3,3,Yes,4,Yes,I keep myself prepared by considering negative alternatives,Introvert,Yes,"I would try to find a friend or someone else who can help me. If no one can solve my problem, then I will go to my faculty",I genuinely want to be left alone. I like it this way,3,3,Yes,Yes,3,Yes,No,No,Yes,3,Yes,3,Yes,Yes,3,5-8 hours,3.7-4.0,3,3,Sometimes,I don't understand what happened. I tried my best and did everything. I feel hopeless.,"No, I need to do better",I am not sure,20,Moderate Stress
12/25/2025 14:21:18,No,Absolutely,Yes,1-4 hours,"No, I mostly play alone","PC, Mobile (phone or tablet)","Strategic / Thinking-based games (e.g., strategy, puzzle, simulation, planning-focused games), Relaxed / Casual games (e.g., casual, story-based, creative, or low-pressure games)","Strategic / Thinking-based games (e.g., strategy, puzzle, simulation, planning-focused games) - Age of Empires",Yes,Sometimes,3,Sometimes,2,3,5,Yes,No,Yes,Yes,Yes,5,3,Yes,4,Yes,8,"CAT, CHAIR","car, table",1,2,3,3,3,3,3,3,4,2,2,3,3,4,2,3,2,Yes,4,No,I keep myself prepared by considering negative alternatives,Introvert,Yes,"I would try to find a friend or someone else who can help me. If no one can solve my problem, then I will go to my faculty",I am awkward and I don't know how to engage with people,2,1,No,Yes,2,No,No,No,No,2,No,2,No,No,4,9-12 hours,3.7-4.0,2,3,No,I didn't try hard enough. I could've achieve it if I tried more,"Yes, I am happy with my academics. No regrets.",I am not sure,20,Moderate Stress
12/22/2025 14:26:15,No,Absolutely,Yes,9-12 hours,Yes,"PC, Mobile (phone or tablet)","Strategic / Thinking-based games (e.g., strategy, puzzle, simulation, planning-focused games), Action / Combat-focused games (e.g., shooter, fighting, fast-paced action games), Relaxed / Casual games (e.g., casual, story-based, creative, or low-pressure games)","Action / Combat-focused games (e.g., shooter, fighting, fast-paced action games) - CS 2, Valorant,  Dark Souls",Yes,Sometimes,3,Sometimes,1,2,4,Yes,Yes,Yes,Yes,Yes,2,3,Yes,2,Yes,7,"CAR, CAT",chair,1,2,3,4,5,3,2,4,4,2,2,3,3,3,3,2,3,No,5,Yes,I keep myself prepared by considering negative alternatives,Introvert,Yes,"I would try to find a friend or someone else who can help me. If no one can solve my problem, then I will go to my faculty",I am awkward and I don't know how to engage with people,2,2,No,Yes,4,Yes,No,No,No,2,Yes,3,No,No,2,5-8 hours,3.3-3.7,3,5,Sometimes,I don't understand what happened. I tried my best and did everything. I feel hopeless.,"No, I need to do better",I am not sure,21,Moderate Stress
12/24/2025 13:54:06,No,Absolutely,Yes,More than 24 hours,Yes,PC,"Action / Combat-focused games (e.g., shooter, fighting, fast-paced action games), Relaxed / Casual games (e.g., casual, story-based, creative, or low-pressure games)","Relaxed / Casual games (e.g., casual, story-based, creative, or low-pressure games) - Stardew Valley",Yes,No,4,No,1,3,5,Yes,Yes,Yes,Yes,Yes,2,3,Yes,4,Yes,8,CAT,"car, table, chair",2,3,3,3,4,2,4,2,3,3,4,4,2,5,1,1,3,Yes,5,No,I keep myself prepared by considering negative alternatives,Ambivert,No,No,"Sometimes, depends on my mood",5,1,No,Yes,5,Yes,No,Yes,Yes,5,Yes,3,Yes,No,2,1-4 hours,2.3-2.7,2,1,Yes,I am just not good at it,"Yes, I am happy with my academics. No regrets.",I am not sure,21,Moderate Stress
12/24/2025 18:23:38,Yes,Absolutely,Yes,9-12 hours,Yes,"PC, Mobile (phone or tablet)","Strategic / Thinking-based games (e.g., strategy, puzzle, simulation, planning-focused games), Relaxed / Casual games (e.g., casual, story-based, creative, or low-pressure games)","Strategic / Thinking-based games (e.g., strategy, puzzle, simulation, planning-focused games) - Age of Empires",Sometimes,Yes,5,Sometimes,4,3,4,Yes,Yes,No,No,No,3,1,No,5,Yes,9,"CAR, CAT","table, chair",2,3,5,4,3,2,3,3,4,2,3,3,3,4,2,2,3,Yes,2,No,I am mostly positive,Ambivert,No,"I would try to find a friend or someone else who can help me. If no one can solve my problem, then I will go to my faculty","No, I love interacting with people",2,1,No,Yes,5,Yes,No,No,No,1,Yes,2,No,No,3,13-16 hours,3.3-3.7,4,1,No,I didn't try hard enough. I could've achieve it if I tried more,"No, I need to do better",No,21,Moderate Stress
12/25/2025 22:04:36,No,Absolutely,Yes,9-12 hours,"No, I mostly play alone",PC,"Strategic / Thinking-based games (e.g., strategy, puzzle, simulation, planning-focused games), Relaxed / Casual games (e.g., casual, story-based, creative, or low-pressure games)","Relaxed / Casual games (e.g., casual, story-based, creative, or low-pressure games) - Stardew Valley",Yes,No,4,Sometimes,1,2,2,No,No,Yes,Yes,No,1,1,Yes,4,Yes,8,CAT,chair,1,3,4,3,3,4,3,3,3,3,4,1,5,2,4,1,3,Yes,3,Yes,I keep myself prepared by considering negative alternatives,Introvert,No,Yes,I only interact only when a need arise,1,1,No,Yes,5,Yes,No,No,No,3,Yes,2,No,No,4,17-20 hours,3.3-3.7,4,4,No,I didn't try hard enough. I could've achieve it if I tried more,"No, I need to do better",I am not sure,21,Moderate Stress
12/22/2025 16:51:47,Yes,Absolutely,Yes,1-4 hours,Yes,Mobile (phone or tablet),"Action / Combat-focused games (e.g., shooter, fighting, fast-paced action games)","Action / Combat-focused games (e.g., shooter, fighting, fast-paced action games) - CS 2, Valorant,  Dark Souls",Yes,Sometimes,4,Yes,3,2,2,No,Yes,No,Yes,Yes,1,1,No,4,Yes,6,CAT,chair,2,1,4,3,3,4,3,3,2,4,3,3,3,3,3,4,4,Yes,4,Yes,I keep myself prepared by considering negative alternatives,Extrovert,No,No,"Sometimes, depends on my mood",3,2,Yes,No,1,No,No,No,Yes,3,No,3,Yes,Yes,3,9-12 hours,3.3-3.7,4,3,No,I don't understand what happened. I tried my best and did everything. I feel hopeless.,"No, I need to do better",I am not sure,22,Moderate Stress
12/24/2025 13:48:35,No,Absolutely,Yes,5-8 hours,Yes,PC,"Action / Combat-focused games (e.g., shooter, fighting, fast-paced action games), Relaxed / Casual games (e.g., casual, story-based, creative, or low-pressure games)","Action / Combat-focused games (e.g., shooter, fighting, fast-paced action games) - CS 2, Valorant,  Dark Souls",Sometimes,Sometimes,2,Sometimes,1,2,2,No,Yes,Yes,Yes,Yes,4,2,Yes,4,Yes,7,CAT,chair,3,2,2,2,5,5,3,3,2,4,3,2,4,2,4,3,3,Yes,5,No,I keep myself prepared by considering negative alternatives,Introvert,Yes,"I would try to find a friend or someone else who can help me. If no one can solve my problem, then I will go to my faculty",I want to but I feel burnt out from too much interaction,2,1,No,Yes,1,No,Yes,No,No,4,Yes,5,No,No,4,1-4 hours,3.7-4.0,3,4,Yes,"Failure is the pillar of success. Next time, I will surely make it","No, I need to do better",Yes,22,Moderate Stress
12/24/2025 20:30:17,No,Absolutely,Yes,5-8 hours,"No, I mostly play alone",PC,"Strategic / Thinking-based games (e.g., strategy, puzzle, simulation, planning-focused games), Action / Combat-focused games (e.g., shooter, fighting, fast-paced action games), Relaxed / Casual games (e.g., casual, story-based, creative, or low-pressure games)","Action / Combat-focused games (e.g., shooter, fighting, fast-paced action games) - CS 2, Valorant,  Dark Souls",Yes,No,4,Yes,4,5,1,Yes,No,No,Yes,No,1,2,No,4,Yes,8,CAT,car,1,2,4,4,2,2,4,2,4,2,4,2,4,2,4,3,3,No,2,No,I keep myself prepared by considering negative alternatives,Ambivert,No,Yes,I genuinely want to be left alone. I like it this way,4,5,No,Yes,2,Yes,No,No,No,2,No,2,No,No,3,5-8 hours,3.3-3.7,4,4,Sometimes,I don't understand what happened. I tried my best and did everything. I feel hopeless.,"Yes, I am happy with my academics. No regrets.",I am not sure,22,Moderate Stress
12/24/2025 21:22:49,No,Absolutely,Yes,1-4 hours,"No, I mostly play alone","PC, Mobile (phone or tablet)","Strategic / Thinking-based games (e.g., strategy, puzzle, simulation, planning-focused games), Action / Combat-focused games (e.g., shooter, fighting, fast-paced action games), Relaxed / Casual games (e.g., casual, story-based, creative, or low-pressure games)","Relaxed / Casual games (e.g., casual, story-based, creative, or low-pressure games) - Stardew Valley",Yes,Yes,4,No,2,4,3,Yes,No,Yes,Yes,Yes,5,2,Yes,3,No,6,"CAR, CAT","table, chair",2,2,4,4,4,2,2,4,3,3,3,3,3,5,1,3,3,No,2,No,I keep myself prepared by considering negative alternatives,Introvert,Yes,No,I am awkward and I don't know how to engage with people,2,2,No,Yes,5,Yes,Yes,Yes,No,2,No,2,No,No,4,1-4 hours,3.7-4.0,2,4,Sometimes,I didn't try hard enough. I could've achieve it if I tried more,"No, I need to do better",Yes,22,Moderate Stress
12/24/2025 21:20:36,No,Absolutely,Yes,1-4 hours,Yes,"PC, Mobile (phone or tablet)","Strategic / Thinking-based games (e.g., strategy, puzzle, simulation, planning-focused games), Action / Combat-focused games (e.g., shooter, fighting, fast-paced action games), Relaxed / Casual games (e.g., casual, story-based, creative, or low-pressure games)","Action / Combat-focused games (e.g., shooter, fighting, fast-paced action games) - CS 2, Valorant,  Dark Souls",Yes,Sometimes,4,Yes,4,3,3,Yes,Yes,Yes,Yes,Yes,3,2,No,4,Yes,7,"CAR, CAT, TABLE, CHAIR","car, table",2,1,4,4,4,3,2,4,3,3,3,3,3,4,2,3,4,Yes,5,No,I keep myself prepared by considering negative alternatives,Introvert,No,"I would try to find a friend or someone else who can help me. If no one can solve my problem, then I will go to my faculty","Sometimes, depends on my mood",2,2,No,Yes,4,No,No,No,No,4,Yes,4,No,No,4,5-8 hours,3.3-3.7,3,1,Yes,I didn't try hard enough. I could've achieve it if I tried more,"No, I need to do better",I am not sure,23,Moderate Stress
12/25/2025 0:22:36,No,I am not sure,Yes,1-4 hours,Sometimes,PC,"Strategic / Thinking-based games (e.g., strategy, puzzle, simulation, planning-focused games)","Strategic / Thinking-based games (e.g., strategy, puzzle, simulation, planning-focused games) - Age of Empires",Sometimes,Sometimes,4,Sometimes,2,2,1,No,No,Yes,Yes,No,2,1,No,4,Yes,7,CAT,"car, table, chair",2,3,3,4,4,4,1,5,4,2,4,2,4,2,4,3,3,No,4,No,I keep myself prepared by considering negative alternatives,Ambivert,No,"I would try to find a friend or someone else who can help me. If no one can solve my problem, then I will go to my faculty","Sometimes, depends on my mood",2,1,Yes,Yes,3,No,No,No,Yes,4,No,3,No,No,4,9-12 hours,3.3-3.7,2,1,No,I didn't try hard enough. I could've achieve it if I tried more,"No, I need to do better",Yes,23,Moderate Stress
12/28/2025 10:13:35,No,Absolutely,Yes,1-4 hours,"No, I mostly play alone",PC,"Strategic / Thinking-based games (e.g., strategy, puzzle, simulation, planning-focused games), Relaxed / Casual games (e.g., casual, story-based, creative, or low-pressure games)","Strategic / Thinking-based games (e.g., strategy, puzzle, simulation, planning-focused games) - Age of Empires",Yes,Sometimes,3,No,1,1,2,No,No,Yes,Yes,Yes,1,2,Yes,2,Yes,8,CAT,"car, table, chair",1,2,5,4,2,5,2,4,2,4,4,2,4,2,4,4,4,Yes,4,Yes,I keep myself prepared by considering negative alternatives,Introvert,No,"I would try to find a friend or someone else who can help me. If no one can solve my problem, then I will go to my faculty",I want to but I feel burnt out from too much interaction,3,1,No,No,1,Yes,No,No,No,2,No,2,No,No,4,1-4 hours,3.7-4.0,2,1,Sometimes,I didn't try hard enough. I could've achieve it if I tried more,"No, I need to do better",Yes,23,Moderate Stress
12/22/2025 13:47:32,No,Absolutely,Yes,9-12 hours,Yes,"PC, Mobile (phone or tablet)","Action / Combat-focused games (e.g., shooter, fighting, fast-paced action games), Relaxed / Casual games (e.g., casual, story-based, creative, or low-pressure games)","Relaxed / Casual games (e.g., casual, story-based, creative, or low-pressure games) - Stardew Valley",Yes,Yes,4,Yes,3,3,4,Yes,Yes,Yes,Yes,No,5,1,Yes,4,Yes,7,"CAR, CAT, CHAIR",table,1,3,4,3,4,4,2,4,4,2,3,3,3,3,3,4,4,No,4,No,I keep myself prepared by considering negative alternatives,Ambivert,Yes,"I would try to find a friend or someone else who can help me. If no one can solve my problem, then I will go to my faculty","Sometimes, depends on my mood",2,1,No,Yes,4,Yes,No,No,Yes,2,Yes,4,No,No,3,More than 24 hours,3.3-3.7,3,2,Yes,I didn't try hard enough. I could've achieve it if I tried more,"No, I need to do better",I am not sure,24,Moderate Stress
12/22/2025 14:20:17,No,Absolutely,Yes,17-20 hours,Yes,"PC, Mobile (phone or tablet)","Strategic / Thinking-based games (e.g., strategy, puzzle, simulation, planning-focused games), Action / Combat-focused games (e.g., shooter, fighting, fast-paced action games)","Action / Combat-focused games (e.g., shooter, fighting, fast-paced action games) - CS 2, Valorant,  Dark Souls",Yes,Sometimes,3,Yes,3,2,2,No,No,Yes,Yes,No,1,2,No,4,Yes,6,CAT,table,1,2,4,3,2,4,3,3,4,2,4,3,3,4,2,4,3,No,4,No,I keep myself prepared by considering negative alternatives,Introvert,Yes,No,I am awkward and I don't know how to engage with people,2,4,No,Yes,3,Yes,No,No,Yes,5,No,3,No,No,5,13-16 hours,3.7-4.0,1,1,Sometimes,I didn't try hard enough. I could've achieve it if I tried more,"Yes, I am happy with my academics. No regrets.",Yes,24,Moderate Stress
12/24/2025 19:07:18,No,Absolutely,Yes,5-8 hours,Sometimes,"Console (e.g., PlayStation, Xbox, Nintendo), PC, Mobile (phone or tablet)","Strategic / Thinking-based games (e.g., strategy, puzzle, simulation, planning-focused games), Action / Combat-focused games (e.g., shooter, fighting, fast-paced action games), Relaxed / Casual games (e.g., casual, story-based, creative, or low-pressure games)","Action / Combat-focused games (e.g., shooter, fighting, fast-paced action games) - CS 2, Valorant,  Dark Souls",Yes,Sometimes,4,Sometimes,3,2,5,Yes,Yes,Yes,Yes,Yes,1,3,No,2,Yes,8,CAT,"car, chair",2,3,4,2,5,4,2,4,5,1,4,4,2,4,2,2,4,No,4,No,I keep myself prepared by considering negative alternatives,Introvert,Yes,Yes,I am awkward and I don't know how to engage with people,2,1,Yes,No,1,No,No,No,No,4,Yes,3,No,Yes,2,1-4 hours,3.3-3.7,3,2,Yes,I didn't try hard enough. I could've achieve it if I tried more,"No, I need to do better",Yes,24,Moderate Stress
12/24/2025 21:13:26,Yes,Maybe,Yes,More than 24 hours,"No, I mostly play alone","PC, Mobile (phone or tablet)","Strategic / Thinking-based games (e.g., strategy, puzzle, simulation, planning-focused games), Action / Combat-focused games (e.g., shooter, fighting, fast-paced action games)","Action / Combat-focused games (e.g., shooter, fighting, fast-paced action games) - CS 2, Valorant,  Dark Souls",Sometimes,Sometimes,4,Sometimes,3,3,5,Yes,Yes,Yes,Yes,Yes,3,3,Yes,4,Yes,7,"CAR, CAT",chair,1,1,4,4,4,3,2,4,5,1,3,4,2,5,1,3,3,Yes,5,Yes,I keep myself prepared by considering negative alternatives,Introvert,Yes,"I would try to find a friend or someone else who can help me. If no one can solve my problem, then I will go to my faculty","Sometimes, depends on my mood",4,3,No,No,3,Yes,No,No,No,5,Yes,4,No,No,3,9-12 hours,3.3-3.7,3,3,Sometimes,I didn't try hard enough. I could've achieve it if I tried more,"No, I need to do better",No,24,Moderate Stress
12/24/2025 21:19:38,No,Maybe,Yes,1-4 hours,Sometimes,PC,"Action / Combat-focused games (e.g., shooter, fighting, fast-paced action games), Relaxed / Casual games (e.g., casual, story-based, creative, or low-pressure games)","Action / Combat-focused games (e.g., shooter, fighting, fast-paced action games) - CS 2, Valorant,  Dark Souls",Sometimes,Sometimes,4,Sometimes,5,3,4,Yes,No,Yes,Yes,Yes,4,2,Yes,5,Yes,7,CAT,car,1,1,4,5,5,5,2,4,3,3,2,4,2,5,1,3,2,Yes,3,Yes,I keep myself prepared by considering negative alternatives,Ambivert,No,Yes,"Sometimes, depends on my mood",3,2,Yes,No,1,No,Yes,Yes,No,5,Yes,4,Yes,Yes,4,9-12 hours,3.0-3.3,4,5,Sometimes,I don't understand what happened. I tried my best and did everything. I feel hopeless.,"No, I need to do better",Yes,24,Moderate Stress
12/24/2025 21:26:04,Yes,Absolutely,Yes,1-4 hours,Yes,PC,"Action / Combat-focused games (e.g., shooter, fighting, fast-paced action games), Relaxed / Casual games (e.g., casual, story-based, creative, or low-pressure games)","Relaxed / Casual games (e.g., casual, story-based, creative, or low-pressure games) - Stardew Valley",Yes,Yes,3,Sometimes,3,1,2,No,No,No,No,No,1,4,No,2,Yes,8,CAT,car,2,3,4,4,3,4,1,5,4,2,3,2,4,3,3,5,3,Yes,5,Yes,I keep myself prepared by considering negative alternatives,Ambivert,No,Yes,"Sometimes, depends on my mood",1,1,No,Yes,2,Yes,No,No,Yes,3,No,4,Yes,Yes,4,1-4 hours,3.0-3.3,4,1,Yes,I didn't try hard enough. I could've achieve it if I tried more,"No, I need to do better",No,24,Moderate Stress
12/24/2025 22:58:26,Yes,Absolutely,Yes,9-12 hours,"No, I mostly play alone","Console (e.g., PlayStation, Xbox, Nintendo)","Strategic / Thinking-based games (e.g., strategy, puzzle, simulation, planning-focused games), Action / Combat-focused games (e.g., shooter, fighting, fast-paced action games)","Action / Combat-focused games (e.g., shooter, fighting, fast-paced action games) - CS 2, Valorant,  Dark Souls",Yes,Yes,5,Yes,3,3,5,Yes,Yes,Yes,Yes,No,1,1,No,5,Yes,7,CAT,chair,1,1,1,5,5,3,3,3,3,3,1,1,5,5,1,1,3,Yes,5,Yes,I keep myself prepared by considering negative alternatives,Introvert,Yes,"I would try to find a friend or someone else who can help me. If no one can solve my problem, then I will go to my faculty",I only interact only when a need arise,1,1,No,Yes,5,Yes,No,No,Yes,5,No,1,No,No,4,1-4 hours,3.7-4.0,3,5,No,I didn't try hard enough. I could've achieve it if I tried more,"No, I need to do better",Yes,24,Moderate Stress
12/25/2025 15:42:38,Yes,Absolutely,Yes,1-4 hours,Sometimes,"PC, Mobile (phone or tablet)","Strategic / Thinking-based games (e.g., strategy, puzzle, simulation, planning-focused games), Action / Combat-focused games (e.g., shooter, fighting, fast-paced action games), Relaxed / Casual games (e.g., casual, story-based, creative, or low-pressure games)","Action / Combat-focused games (e.g., shooter, fighting, fast-paced action games) - CS 2, Valorant,  Dark Souls",Sometimes,Yes,4,Sometimes,3,4,2,No,Yes,Yes,Yes,Yes,1,3,No,3,Yes,8,CAT,"car, chair",2,3,5,5,4,4,2,4,2,4,4,5,1,3,3,4,5,Yes,4,Yes,I keep myself prepared by considering negative alternatives,Ambivert,No,"I would try to find a friend or someone else who can help me. If no one can solve my problem, then I will go to my faculty",I only interact only when a need arise,5,3,Yes,Yes,3,Yes,No,No,No,3,No,4,Yes,Yes,3,1-4 hours,3.0-3.3,3,4,Sometimes,I didn't try hard enough. I could've achieve it if I tried more,"No, I need to do better",I am not sure,24,Moderate Stress
12/25/2025 15:20:49,No,Absolutely,Yes,9-12 hours,Sometimes,PC,"Strategic / Thinking-based games (e.g., strategy, puzzle, simulation, planning-focused games), Action / Combat-focused games (e.g., shooter, fighting, fast-paced action games), Relaxed / Casual games (e.g., casual, story-based, creative, or low-pressure games)","Action / Combat-focused games (e.g., shooter, fighting, fast-paced action games) - CS 2, Valorant,  Dark Souls",Sometimes,Sometimes,5,Yes,3,3,3,Yes,No,No,No,No,1,2,No,3,No,8,CAT,"car, chair",2,3,5,4,4,4,2,4,3,3,5,3,3,3,3,4,3,Yes,3,No,I keep myself prepared by considering negative alternatives,Ambivert,No,"I would try to find a friend or someone else who can help me. If no one can solve my problem, then I will go to my faculty","Sometimes, depends on my mood",3,3,No,Yes,4,No,No,No,No,3,No,4,No,No,5,9-12 hours,3.3-3.7,2,2,No,"Failure is the pillar of success. Next time, I will surely make it","No, I need to do better",Yes,25,Moderate Stress
12/24/2025 6:30:53,No,Absolutely,Yes,13-16 hours,"No, I mostly play alone","PC, Mobile (phone or tablet)","Strategic / Thinking-based games (e.g., strategy, puzzle, simulation, planning-focused games), Action / Combat-focused games (e.g., shooter, fighting, fast-paced action games), Relaxed / Casual games (e.g., casual, story-based, creative, or low-pressure games)","Relaxed / Casual games (e.g., casual, story-based, creative, or low-pressure games) - Stardew Valley",Yes,Sometimes,4,Sometimes,2,3,4,Yes,Yes,Yes,Yes,Yes,3,3,No,4,Yes,8,"CAT, CHAIR","car, table",1,2,4,4,4,5,3,3,3,3,4,3,3,3,3,3,4,Yes,3,Yes,I keep myself prepared by considering negative alternatives,Ambivert,Yes,Yes,"Sometimes, depends on my mood",1,2,No,Yes,3,No,No,No,Yes,5,Yes,3,No,No,5,5-8 hours,3.7-4.0,1,1,No,I didn't try hard enough. I could've achieve it if I tried more,"No, I need to do better",I am not sure,26,Moderate Stress
12/25/2025 13:16:52,No,Absolutely,Yes,13-16 hours,Sometimes,"PC, Mobile (phone or tablet)","Strategic / Thinking-based games (e.g., strategy, puzzle, simulation, planning-focused games), Action / Combat-focused games (e.g., shooter, fighting, fast-paced action games), Relaxed / Casual games (e.g., casual, story-based, creative, or low-pressure games)","Relaxed / Casual games (e.g., casual, story-based, creative, or low-pressure games) - Stardew Valley",Yes,No,4,Sometimes,1,1,1,Yes,No,No,No,No,1,1,No,2,Yes,8,CAT,car,2,3,5,2,2,4,2,4,2,4,1,2,4,2,4,1,1,No,1,No,I am mostly positive,Introvert,No,Yes,I only interact only when a need arise,2,1,No,Yes,2,No,No,No,No,2,Yes,2,No,No,5,17-20 hours,3.7-4.0,2,2,No,I didn't try hard enough. I could've achieve it if I tried more,"Yes, I am happy with my academics. No regrets.",Yes,11,Low Stress
12/24/2025 23:30:13,No,Absolutely,Yes,17-20 hours,Sometimes,"PC, Mobile (phone or tablet)","Action / Combat-focused games (e.g., shooter, fighting, fast-paced action games), Relaxed / Casual games (e.g., casual, story-based, creative, or low-pressure games)","Relaxed / Casual games (e.g., casual, story-based, creative, or low-pressure games) - Stardew Valley",Sometimes,Sometimes,3,Yes,3,2,2,Yes,Yes,Yes,Yes,No,4,1,No,4,Yes,5,CAT,table,2,2,2,4,3,5,5,1,3,3,5,4,2,3,3,3,4,Yes,3,Yes,I keep myself prepared by considering negative alternatives,Introvert,No,"I would try to find a friend or someone else who can help me. If no one can solve my problem, then I will go to my faculty","No, I love interacting with people",3,4,Yes,No,1,No,No,No,Yes,3,No,4,No,Yes,3,5-8 hours,3.7-4.0,3,2,No,I don't understand what happened. I tried my best and did everything. I feel hopeless.,"Yes, I am happy with my academics. No regrets.",Yes,27,High Percieved Stress
12/25/2025 0:05:19,No,Absolutely,Yes,13-16 hours,"No, I mostly play alone","PC, Mobile (phone or tablet)","Action / Combat-focused games (e.g., shooter, fighting, fast-paced action games), Relaxed / Casual games (e.g., casual, story-based, creative, or low-pressure games)","Action / Combat-focused games (e.g., shooter, fighting, fast-paced action games) - CS 2, Valorant,  Dark Souls",Yes,Yes,3,Yes,2,2,4,Yes,No,Yes,Yes,Yes,4,1,Yes,4,Yes,5,CAT,car,1,2,1,4,5,5,4,2,4,2,3,4,2,3,3,2,5,Yes,4,Yes,I keep myself prepared by considering negative alternatives,Introvert,No,"I would try to find a friend or someone else who can help me. If no one can solve my problem, then I will go to my faculty",I only interact only when a need arise,2,1,Yes,Yes,2,No,No,No,Yes,5,Yes,2,No,Yes,4,More than 24 hours,3.3-3.7,3,4,No,I don't understand what happened. I tried my best and did everything. I feel hopeless.,"No, I need to do better",Yes,27,High Percieved Stress
12/22/2025 1:18:59,Yes,Absolutely,Yes,17-20 hours,,"PC, Mobile (phone or tablet)","Strategic / Thinking-based games (e.g., strategy, puzzle, simulation, planning-focused games), Action / Combat-focused games (e.g., shooter, fighting, fast-paced action games), Relaxed / Casual games (e.g., casual, story-based, creative, or low-pressure games)","Relaxed / Casual games (e.g., casual, story-based, creative, or low-pressure games) - Stardew Valley",Yes,No,4,No,1,2,4,Yes,No,Yes,Yes,Yes,3,2,Yes,3,Yes,8,CAT,"car, table, chair",1,3,3,4,5,5,3,3,4,2,4,1,5,3,3,1,4,Yes,3,No,I am mostly positive,Ambivert,Yes,Yes,I want to but I feel burnt out from too much interaction,2,1,No,Yes,1,No,No,No,No,2,No,1,No,No,4,5-8 hours,3.7-4.0,2,1,No,"Failure is the pillar of success. Next time, I will surely make it","Yes, I am happy with my academics. No regrets.",I am not sure,28,High Percieved Stress
12/22/2025 1:31:40,No,Absolutely,Yes,1-4 hours,,"PC, Mobile (phone or tablet)","Strategic / Thinking-based games (e.g., strategy, puzzle, simulation, planning-focused games), Action / Combat-focused games (e.g., shooter, fighting, fast-paced action games), Relaxed / Casual games (e.g., casual, story-based, creative, or low-pressure games)","Action / Combat-focused games (e.g., shooter, fighting, fast-paced action games) - CS 2, Valorant,  Dark Souls",Yes,No,3,Yes,5,5,5,Yes,No,Yes,Yes,Yes,4,5,Yes,5,Yes,8,"CAR, CAT, TABLE, CHAIR","car, cat, table, chair",1,1,5,5,5,5,1,5,1,5,5,1,5,1,5,5,5,Yes,4,Yes,I am just negative,Introvert,Yes,Yes,"Sometimes, depends on my mood",5,5,Yes,No,1,No,Yes,Yes,Yes,5,Yes,5,Yes,Yes,5,1-4 hours,Less than 2.0,5,5,Yes,I didn't try hard enough. I could've achieve it if I tried more,"No, I need to do better",No,28,High Percieved Stress
12/22/2025 2:51:50,No,Absolutely,Yes,9-12 hours,,"PC, Mobile (phone or tablet)","Strategic / Thinking-based games (e.g., strategy, puzzle, simulation, planning-focused games), Action / Combat-focused games (e.g., shooter, fighting, fast-paced action games), Relaxed / Casual games (e.g., casual, story-based, creative, or low-pressure games)","Relaxed / Casual games (e.g., casual, story-based, creative, or low-pressure games) - Stardew Valley",Yes,Yes,3,Yes,2,2,4,Yes,Yes,Yes,Yes,Yes,3,2,Yes,4,Yes,7,CAT,chair,2,3,4,4,3,5,5,1,3,3,5,3,3,4,2,3,4,No,5,Yes,I am just negative,Introvert,No,"I would try to find a friend or someone else who can help me. If no one can solve my problem, then I will go to my faculty",I genuinely want to be left alone. I like it this way,2,1,No,Yes,5,Yes,Yes,Yes,Yes,5,No,2,No,No,2,5-8 hours,3.3-3.7,4,3,Yes,I didn't try hard enough. I could've achieve it if I tried more,"No, I need to do better",I am not sure,29,High Percieved Stress
12/25/2025 1:39:17,No,Absolutely,Yes,5-8 hours,Yes,"PC, Mobile (phone or tablet)","Action / Combat-focused games (e.g., shooter, fighting, fast-paced action games), Relaxed / Casual games (e.g., casual, story-based, creative, or low-pressure games)","Action / Combat-focused games (e.g., shooter, fighting, fast-paced action games) - CS 2, Valorant,  Dark Souls",Yes,No,4,No,4,1,3,No,No,Yes,Yes,Yes,3,1,Yes,4,Yes,6,CAR,cat,1,1,4,4,4,4,5,1,5,1,4,5,1,4,2,4,4,Yes,4,No,I keep myself prepared by considering negative alternatives,Ambivert,Yes,"I would try to find a friend or someone else who can help me. If no one can solve my problem, then I will go to my faculty",I am awkward and I don't know how to engage with people,3,3,Yes,No,1,No,Yes,No,Yes,4,Yes,4,Yes,No,1,17-20 hours,3.3-3.7,5,5,Yes,I am just not good at it,"No, I need to do better",No,29,High Percieved Stress
12/25/2025 7:35:12,No,Maybe,Yes,9-12 hours,"No, I mostly play alone",Mobile (phone or tablet),"Strategic / Thinking-based games (e.g., strategy, puzzle, simulation, planning-focused games), Relaxed / Casual games (e.g., casual, story-based, creative, or low-pressure games)","Strategic / Thinking-based games (e.g., strategy, puzzle, simulation, planning-focused games) - Age of Empires",No,Sometimes,4,No,1,4,5,No,Yes,Yes,Yes,Yes,1,4,No,5,Yes,6,CHAIR,table,2,2,4,4,5,5,4,2,4,2,5,4,2,5,1,1,4,No,3,Yes,I am mostly positive,Introvert,No,"I would try to find a friend or someone else who can help me. If no one can solve my problem, then I will go to my faculty",I genuinely want to be left alone. I like it this way,1,1,No,Yes,4,Yes,No,No,Yes,4,No,3,No,No,2,1-4 hours,2.0-2.3,5,1,Yes,I didn't try hard enough. I could've achieve it if I tried more,"No, I need to do better",I am not sure,29,High Percieved Stress
12/22/2025 2:42:31,No,Absolutely,Yes,1-4 hours,,"PC, Mobile (phone or tablet)","Strategic / Thinking-based games (e.g., strategy, puzzle, simulation, planning-focused games), Action / Combat-focused games (e.g., shooter, fighting, fast-paced action games), Relaxed / Casual games (e.g., casual, story-based, creative, or low-pressure games)","Action / Combat-focused games (e.g., shooter, fighting, fast-paced action games) - CS 2, Valorant,  Dark Souls",No,Yes,3,No,3,4,4,Yes,Yes,Yes,Yes,Yes,1,2,Yes,5,Yes,7,CAT,table,1,2,4,4,4,5,4,2,3,3,4,3,3,4,2,5,4,No,4,No,I am just negative,Ambivert,Yes,"I would try to find a friend or someone else who can help me. If no one can solve my problem, then I will go to my faculty","Sometimes, depends on my mood",4,3,No,No,2,Yes,Yes,Yes,Yes,4,Yes,4,No,No,3,More than 24 hours,3.7-4.0,4,4,Yes,I don't understand what happened. I tried my best and did everything. I feel hopeless.,"No, I need to do better",No,30,High Percieved Stress
12/22/2025 19:36:38,No,Absolutely,Yes,9-12 hours,Yes,PC,"Action / Combat-focused games (e.g., shooter, fighting, fast-paced action games), Relaxed / Casual games (e.g., casual, story-based, creative, or low-pressure games)","Relaxed / Casual games (e.g., casual, story-based, creative, or low-pressure games) - Stardew Valley",Yes,Sometimes,3,Sometimes,3,2,5,Yes,No,Yes,Yes,No,1,2,No,2,Yes,7,CAT,"car, table, chair",2,3,5,5,5,5,4,2,5,1,1,4,2,3,3,5,5,Yes,4,Yes,I keep myself prepared by considering negative alternatives,Ambivert,Yes,"I would try to find a friend or someone else who can help me. If no one can solve my problem, then I will go to my faculty",I am awkward and I don't know how to engage with people,2,1,Yes,Yes,5,Yes,Yes,No,No,4,Yes,3,No,Yes,2,1-4 hours,Less than 2.0,5,3,Yes,I didn't try hard enough. I could've achieve it if I tried more,"No, I need to do better",No,30,High Percieved Stress
12/24/2025 13:13:12,Yes,Absolutely,Yes,More than 24 hours,"No, I mostly play alone","PC, Mobile (phone or tablet)","Strategic / Thinking-based games (e.g., strategy, puzzle, simulation, planning-focused games), Action / Combat-focused games (e.g., shooter, fighting, fast-paced action games), Relaxed / Casual games (e.g., casual, story-based, creative, or low-pressure games)","Action / Combat-focused games (e.g., shooter, fighting, fast-paced action games) - CS 2, Valorant,  Dark Souls",Yes,No,3,Yes,3,3,3,Yes,No,Yes,No,Yes,2,1,No,2,Yes,8,CAT,chair,2,3,5,5,5,5,4,2,5,1,2,5,1,5,1,4,4,Yes,4,Yes,I keep myself prepared by considering negative alternatives,Ambivert,No,"I would try to find a friend or someone else who can help me. If no one can solve my problem, then I will go to my faculty",I genuinely want to be left alone. I like it this way,5,1,Yes,Yes,2,Yes,Yes,Yes,Yes,5,No,4,Yes,Yes,3,9-12 hours,2.7-3.0,5,3,Sometimes,I don't understand what happened. I tried my best and did everything. I feel hopeless.,"No, I need to do better",No,30,High Percieved Stress
12/22/2025 16:45:31,No,I am not sure,Yes,1-4 hours,"No, I mostly play alone",Mobile (phone or tablet),"Strategic / Thinking-based games (e.g., strategy, puzzle, simulation, planning-focused games), Relaxed / Casual games (e.g., casual, story-based, creative, or low-pressure games)","Relaxed / Casual games (e.g., casual, story-based, creative, or low-pressure games) - Stardew Valley",Yes,Sometimes,3,Yes,1,3,1,No,No,Yes,Yes,Yes,5,4,No,3,Yes,7,"CAR, CAT","table, chair",1,2,5,3,5,4,4,2,5,1,5,5,1,5,1,5,4,Yes,5,No,I keep myself prepared by considering negative alternatives,Ambivert,Yes,No,I want to but I feel burnt out from too much interaction,1,1,No,Yes,3,No,No,No,Yes,5,Yes,4,No,No,1,5-8 hours,3.0-3.3,5,1,Yes,I didn't try hard enough. I could've achieve it if I tried more,"No, I need to do better",No,31,High Percieved Stress
12/22/2025 22:24:31,No,Absolutely,Yes,1-4 hours,"No, I mostly play alone","PC, Mobile (phone or tablet)","Relaxed / Casual games (e.g., casual, story-based, creative, or low-pressure games)","Relaxed / Casual games (e.g., casual, story-based, creative, or low-pressure games) - Stardew Valley",Yes,Sometimes,5,No,4,3,2,No,No,Yes,Yes,Yes,3,5,Yes,5,Yes,6,"CAR, CAT, TABLE",chair,1,1,5,5,5,5,1,5,5,1,5,5,1,5,1,5,5,Yes,5,Yes,I keep myself prepared by considering negative alternatives,Ambivert,Yes,"I would try to find a friend or someone else who can help me. If no one can solve my problem, then I will go to my faculty",I want to but I feel burnt out from too much interaction,5,4,Yes,Yes,4,Yes,No,No,Yes,5,No,5,Yes,Yes,1,1-4 hours,2.3-2.7,5,1,Yes,I am just not good at it,"No, I need to do better",No,32,High Percieved Stress
12/24/2025 14:07:57,No,Absolutely,Yes,21-24 hours,"No, I mostly play alone",PC,"Strategic / Thinking-based games (e.g., strategy, puzzle, simulation, planning-focused games), Action / Combat-focused games (e.g., shooter, fighting, fast-paced action games)","Action / Combat-focused games (e.g., shooter, fighting, fast-paced action games) - CS 2, Valorant,  Dark Souls",Yes,Sometimes,4,Sometimes,2,3,4,Yes,No,Yes,Yes,Yes,2,1,Yes,2,Yes,8,CAT,chair,2,1,5,5,4,5,3,3,4,2,5,4,2,4,2,5,5,Yes,2,No,I am just negative,Introvert,Yes,Yes,I want to but I feel burnt out from too much interaction,2,4,Yes,Yes,1,Yes,No,No,No,4,Yes,5,Yes,Yes,5,17-20 hours,3.7-4.0,4,2,Yes,I don't understand what happened. I tried my best and did everything. I feel hopeless.,"No, I need to do better",No,32,High Percieved Stress
12/25/2025 16:01:09,No,Absolutely,Yes,17-20 hours,Yes,Mobile (phone or tablet),"Action / Combat-focused games (e.g., shooter, fighting, fast-paced action games), Relaxed / Casual games (e.g., casual, story-based, creative, or low-pressure games)","Action / Combat-focused games (e.g., shooter, fighting, fast-paced action games) - CS 2, Valorant,  Dark Souls",Yes,Sometimes,4,Sometimes,2,2,1,Yes,No,No,No,No,1,2,No,3,Yes,8,CAT,"car, chair",2,1,4,5,5,5,1,5,5,1,2,1,5,5,1,5,4,No,5,Yes,I keep myself prepared by considering negative alternatives,Ambivert,No,Yes,"No, I love interacting with people",2,1,No,Yes,2,Yes,No,No,No,2,No,1,No,No,4,21-24 hours,3.3-3.7,3,5,No,"Failure is the pillar of success. Next time, I will surely make it","No, I need to do better",Yes,32,High Percieved Stress
12/24/2025 16:15:56,No,Absolutely,Yes,9-12 hours,"No, I mostly play alone","PC, Mobile (phone or tablet)","Strategic / Thinking-based games (e.g., strategy, puzzle, simulation, planning-focused games), Relaxed / Casual games (e.g., casual, story-based, creative, or low-pressure games)","Relaxed / Casual games (e.g., casual, story-based, creative, or low-pressure games) - Stardew Valley",Yes,Sometimes,4,Sometimes,1,2,3,No,Yes,Yes,Yes,No,2,4,Yes,5,Yes,8,CAR,"cat, chair",0,3,4,5,5,5,5,1,4,2,5,4,2,2,4,5,5,Yes,5,Yes,I am just negative,Introvert,Yes,No,I am awkward and I don't know how to engage with people,4,3,No,Yes,4,Yes,Yes,Yes,Yes,5,Yes,5,Yes,No,1,13-16 hours,2.0-2.3,5,3,Yes,I am just not good at it,"No, I need to do better",No,33,High Percieved Stress
12/29/2025 18:04:43,No,Absolutely,Yes,1-4 hours,"No, I mostly play alone",PC,"Strategic / Thinking-based games (e.g., strategy, puzzle, simulation, planning-focused games), Action / Combat-focused games (e.g., shooter, fighting, fast-paced action games), Relaxed / Casual games (e.g., casual, story-based, creative, or low-pressure games)","Relaxed / Casual games (e.g., casual, story-based, creative, or low-pressure games) - Stardew Valley",Yes,Yes,3,Yes,3,5,4,Yes,Yes,Yes,Yes,Yes,2,1,No,4,Yes,7,"TABLE, CHAIR",cat,1,0,4,5,4,5,4,2,4,2,5,1,5,2,4,5,5,Yes,5,Yes,I keep myself prepared by considering negative alternatives,Extrovert,Yes,"I would try to find a friend or someone else who can help me. If no one can solve my problem, then I will go to my faculty","No, I love interacting with people",5,2,Yes,Yes,5,Yes,Yes,Yes,Yes,2,No,4,Yes,Yes,4,13-16 hours,3.3-3.7,2,1,Sometimes,I am just not good at it,"No, I need to do better",No,34,High Percieved Stress
12/22/2025 1:57:52,Yes,Absolutely,Yes,5-8 hours,,PC,"Action / Combat-focused games (e.g., shooter, fighting, fast-paced action games)","Action / Combat-focused games (e.g., shooter, fighting, fast-paced action games) - CS 2, Valorant,  Dark Souls",Yes,Yes,4,Yes,4,4,2,Yes,No,Yes,Yes,Yes,2,5,Yes,5,Yes,7,"CAR, CAT","table, chair",2,2,5,5,5,5,4,2,5,1,5,4,2,4,2,5,5,No,5,Yes,I keep myself prepared by considering negative alternatives,Introvert,Yes,"I would try to find a friend or someone else who can help me. If no one can solve my problem, then I will go to my faculty",I want to but I feel burnt out from too much interaction,5,2,Yes,Yes,5,Yes,No,No,Yes,5,Yes,5,Yes,Yes,1,9-12 hours,2.3-2.7,5,1,Yes,I didn't try hard enough. I could've achieve it if I tried more,"No, I need to do better",No,35,High Percieved Stress
12/24/2025 19:42:32,Yes,Absolutely,Yes,9-12 hours,"No, I mostly play alone","PC, Mobile (phone or tablet)","Action / Combat-focused games (e.g., shooter, fighting, fast-paced action games), Relaxed / Casual games (e.g., casual, story-based, creative, or low-pressure games)","Action / Combat-focused games (e.g., shooter, fighting, fast-paced action games) - CS 2, Valorant,  Dark Souls",Yes,Yes,2,Sometimes,4,4,4,Yes,Yes,Yes,Yes,Yes,1,4,Yes,4,No,5,CAT,chair,1,2,4,5,5,5,4,2,5,1,5,1,5,4,2,4,3,Yes,5,Yes,I keep myself prepared by considering negative alternatives,Introvert,Yes,No,I genuinely want to be left alone. I like it this way,1,3,No,Yes,3,Yes,No,Yes,Yes,5,Yes,3,No,No,2,1-4 hours,3.0-3.3,5,2,Yes,I didn't try hard enough. I could've achieve it if I tried more,"No, I need to do better",Yes,35,High Percieved Stress